<?xml version="1.0" encoding="UTF-8"?>
<project xmlns="http://www.netbeans.org/ns/project/1">
    <type>org.netbeans.modules.apisupport.project</type>
    <configuration>
        <data xmlns="http://www.netbeans.org/ns/nb-module-project/3">
            <code-name-base>javax.json</code-name-base>
            <suite-component/>
            <module-dependencies/>
            <public-packages>
                <package>javax.json</package>
                <package>javax.json.spi</package>
                <package>javax.json.stream</package>
                <package>org.glassfish.json</package>
                <package>org.glassfish.json.api</package>
            </public-packages>
            <class-path-extension>
                <runtime-relative-path>ext/javax.json-1.0.4.jar</runtime-relative-path>
                <binary-origin>release/modules/ext/javax.json-1.0.4.jar</binary-origin>
            </class-path-extension>
        </data>
    </configuration>
</project>
